Accuracy,Precision,Recall,F1,PR_AUC,ROC_AUC,Note,TN,FP,FN,TP,Model,Threshold
0.5732273028495692,0.5532359081419624,0.9974905897114178,0.711727842435094,0.8104240267898548,0.8672039107326632,,70,642,2,795,TemporalGNN_GCN,0.5
0.8840291583830351,0.8212809917355371,0.9974905897114178,0.9008498583569405,0.9985747375733195,0.997259738062679,,539,173,2,795,TemporalGNN_SAGE,0.5
0.5294897282968853,0.528865295288653,1.0,0.6918402777777778,0.63416343839348,0.6589422412699307,,2,710,0,797,TemporalGNN_GAT,0.5
0.5294897282968853,0.528865295288653,1.0,0.6918402777777778,0.5302727877578177,0.5042134831460674,,2,710,0,797,StaticGNN_ablation,0.5
