Accuracy,Precision,Recall,F1,PR_AUC,ROC_AUC,TN,FP,FN,TP,Model,Threshold
0.68,0.6774193548387096,1.0,0.8076923076923077,0.9167329757069026,0.8184796022067363,4,160,0,336,LSTM,0.1
