graph_id,period,num_nodes,num_edges,num_depots,T_interval,numVehicle,numFlights,prob,beta,obj,gap,time_s,unique_edges_covered,%_covered
14,0,13,30,4,936.0,4,7,3.8467219678966487,936.0,14.946118986051559,0.12299889292852341,6.084,26,84.98
14,1,13,30,4,936.0,4,7,2.318038562704794,936.0,13.389957153153697,0.12616341352527305,6.188,26,91.37
14,2,13,30,4,936.0,4,7,1.6093398414066369,936.0,11.141976365369738,0.3242968319815441,6.205,21,77.83
14,3,13,30,4,936.0,4,7,1.5218733329688088,936.0,9.783780161556683,0.46535723223447867,6.126,21,72.68
15,0,15,30,3,958.0,3,7,0.9830112381415959,958.0,12.298875988614636,0.09695965229422862,6.125,22,77.0
15,1,15,30,3,958.0,3,7,2.403969522302849,958.0,9.223097317177405,0.4069302203426492,6.07,20,65.58
15,2,15,30,3,958.0,3,7,1.376869122105545,958.0,12.172617400348082,0.11470146176258268,6.105,23,76.19
15,3,15,30,3,958.0,3,7,2.955622543247091,958.0,9.837347601847107,0.34426587494066174,6.07,19,68.33
