Threshold,Accuracy,F1-Score,Precision,Recall
0.5,0.8171397379912664,0.7860791826309068,0.8066841415465269,0.7665006226650062
0.6,0.8094978165938864,0.7681063122923588,0.8233618233618234,0.7198007471980075
0.7,0.790938864628821,0.7332869080779945,0.8317535545023697,0.6556662515566625
0.8,0.7609170305676856,0.6755555555555556,0.8336380255941499,0.5678704856787049
